{
    "name": "root",
    "gauges": {
        "MyBehavior.Policy.Entropy.mean": {
            "value": 1.0906373262405396,
            "min": 1.0906373262405396,
            "max": 1.2647507190704346,
            "count": 277
        },
        "MyBehavior.Policy.Entropy.sum": {
            "value": 54514.41796875,
            "min": 19588.458984375,
            "max": 63263.62890625,
            "count": 277
        },
        "MyBehavior.Environment.EpisodeLength.mean": {
            "value": 13.95859872611465,
            "min": 13.954727564102564,
            "max": 42.00867678958785,
            "count": 277
        },
        "MyBehavior.Environment.EpisodeLength.sum": {
            "value": 35064.0,
            "min": 14559.0,
            "max": 48573.0,
            "count": 277
        },
        "MyBehavior.Step.mean": {
            "value": 19999995.0,
            "min": 6199999.0,
            "max": 19999995.0,
            "count": 277
        },
        "MyBehavior.Step.sum": {
            "value": 19999995.0,
            "min": 6199999.0,
            "max": 19999995.0,
            "count": 277
        },
        "MyBehavior.Policy.ExtrinsicValueEstimate.mean": {
            "value": 80.70684814453125,
            "min": 22.096593856811523,
            "max": 81.04700469970703,
            "count": 277
        },
        "MyBehavior.Policy.ExtrinsicValueEstimate.sum": {
            "value": 226705.53125,
            "min": 12793.927734375,
            "max": 226705.53125,
            "count": 277
        },
        "MyBehavior.Environment.CumulativeReward.mean": {
            "value": 96.38136942675159,
            "min": 28.854509545753785,
            "max": 97.03419147224457,
            "count": 277
        },
        "MyBehavior.Environment.CumulativeReward.sum": {
            "value": 242110.0,
            "min": 15451.0,
            "max": 242110.0,
            "count": 277
        },
        "MyBehavior.Policy.ExtrinsicReward.mean": {
            "value": 96.38136942675159,
            "min": 28.854509545753785,
            "max": 97.03419147224457,
            "count": 277
        },
        "MyBehavior.Policy.ExtrinsicReward.sum": {
            "value": 242110.0,
            "min": 15451.0,
            "max": 242110.0,
            "count": 277
        },
        "MyBehavior.Losses.PolicyLoss.mean": {
            "value": 0.014720130044346056,
            "min": 0.00580664339310412,
            "max": 0.01592872330608467,
            "count": 277
        },
        "MyBehavior.Losses.PolicyLoss.sum": {
            "value": 0.07360065022173028,
            "min": 0.011577277211472392,
            "max": 0.07964361653042336,
            "count": 277
        },
        "MyBehavior.Losses.ValueLoss.mean": {
            "value": 159.95281270345052,
            "min": 149.4663350423177,
            "max": 400.44334716796874,
            "count": 277
        },
        "MyBehavior.Losses.ValueLoss.sum": {
            "value": 799.7640635172526,
            "min": 391.5691630045573,
            "max": 2002.2167358398438,
            "count": 277
        },
        "MyBehavior.Policy.LearningRate.mean": {
            "value": 4.4152585285800033e-07,
            "min": 4.4152585285800033e-07,
            "max": 0.00020707306597565498,
            "count": 277
        },
        "MyBehavior.Policy.LearningRate.sum": {
            "value": 2.2076292642900017e-06,
            "min": 2.2076292642900017e-06,
            "max": 0.001033053740648805,
            "count": 277
        },
        "MyBehavior.Policy.Epsilon.mean": {
            "value": 0.10014714200000001,
            "min": 0.10014714200000001,
            "max": 0.169024345,
            "count": 277
        },
        "MyBehavior.Policy.Epsilon.sum": {
            "value": 0.5007357100000001,
            "min": 0.169024345,
            "max": 0.844351195,
            "count": 277
        },
        "MyBehavior.Policy.Beta.mean": {
            "value": 1.734238580000001e-05,
            "min": 1.734238580000001e-05,
            "max": 0.0034543148155000004,
            "count": 277
        },
        "MyBehavior.Policy.Beta.sum": {
            "value": 8.671192900000005e-05,
            "min": 8.671192900000005e-05,
            "max": 0.017233124630500002,
            "count": 277
        },
        "MyBehavior.IsTraining.mean": {
            "value": 1.0,
            "min": 1.0,
            "max": 1.0,
            "count": 277
        },
        "MyBehavior.IsTraining.sum": {
            "value": 1.0,
            "min": 1.0,
            "max": 1.0,
            "count": 277
        }
    },
    "metadata": {
        "timer_format_version": "0.1.0",
        "start_time_seconds": "1681121773",
        "python_version": "3.9.16 (main, Mar  8 2023, 10:39:24) [MSC v.1916 64 bit (AMD64)]",
        "command_line_arguments": "C:\\Users\\myd97\\.conda\\envs\\assignment4\\Scripts\\mlagents-learn C:\\Users\\myd97\\OneDrive\\Desktop\\footsteps-rl-main\\config\\MyBehavior.yaml --run-id=MyBehavior --resume",
        "mlagents_version": "0.30.0",
        "mlagents_envs_version": "0.30.0",
        "communication_protocol_version": "1.5.0",
        "pytorch_version": "1.12.1",
        "numpy_version": "1.21.2",
        "end_time_seconds": "1681133844"
    },
    "total": 12070.7825783,
    "count": 1,
    "self": 0.005169100000784965,
    "children": {
        "run_training.setup": {
            "total": 0.06936560000000003,
            "count": 1,
            "self": 0.06936560000000003
        },
        "TrainerController.start_learning": {
            "total": 12070.7080436,
            "count": 1,
            "self": 12.853539899409952,
            "children": {
                "TrainerController._reset_env": {
                    "total": 7.9709848,
                    "count": 1,
                    "self": 7.9709848
                },
                "TrainerController.advance": {
                    "total": 12049.81480010059,
                    "count": 1206014,
                    "self": 12.485902301275928,
                    "children": {
                        "env_step": {
                            "total": 8480.385832199685,
                            "count": 1206014,
                            "self": 6729.580786898656,
                            "children": {
                                "SubprocessEnvManager._take_step": {
                                    "total": 1742.1871075009578,
                                    "count": 1206014,
                                    "self": 33.14236980012333,
                                    "children": {
                                        "TorchPolicy.evaluate": {
                                            "total": 1709.0447377008345,
                                            "count": 863471,
                                            "self": 1709.0447377008345
                                        }
                                    }
                                },
                                "workers": {
                                    "total": 8.617937800071315,
                                    "count": 1206014,
                                    "self": 0.0,
                                    "children": {
                                        "worker_root": {
                                            "total": 12046.428315199923,
                                            "count": 1206014,
                                            "is_parallel": true,
                                            "self": 6074.295422999707,
                                            "children": {
                                                "steps_from_proto": {
                                                    "total": 0.00033610000000017237,
                                                    "count": 1,
                                                    "is_parallel": true,
                                                    "self": 8.92000000005666e-05,
                                                    "children": {
                                                        "_process_rank_one_or_two_observation": {
                                                            "total": 0.00024689999999960577,
                                                            "count": 2,
                                                            "is_parallel": true,
                                                            "self": 0.00024689999999960577
                                                        }
                                                    }
                                                },
                                                "UnityEnvironment.step": {
                                                    "total": 5972.132556100216,
                                                    "count": 1206014,
                                                    "is_parallel": true,
                                                    "self": 99.50243150062397,
                                                    "children": {
                                                        "UnityEnvironment._generate_step_input": {
                                                            "total": 137.1218342007031,
                                                            "count": 1206014,
                                                            "is_parallel": true,
                                                            "self": 137.1218342007031
                                                        },
                                                        "communicator.exchange": {
                                                            "total": 5510.584008199871,
                                                            "count": 1206014,
                                                            "is_parallel": true,
                                                            "self": 5510.584008199871
                                                        },
                                                        "steps_from_proto": {
                                                            "total": 224.92428219901768,
                                                            "count": 1206014,
                                                            "is_parallel": true,
                                                            "self": 71.88932549912218,
                                                            "children": {
                                                                "_process_rank_one_or_two_observation": {
                                                                    "total": 153.0349566998955,
                                                                    "count": 2412028,
                                                                    "is_parallel": true,
                                                                    "self": 153.0349566998955
                                                                }
                                                            }
                                                        }
                                                    }
                                                }
                                            }
                                        }
                                    }
                                }
                            }
                        },
                        "trainer_advance": {
                            "total": 3556.9430655996302,
                            "count": 1206014,
                            "self": 16.839321599383766,
                            "children": {
                                "process_trajectory": {
                                    "total": 1994.3007985002382,
                                    "count": 1206014,
                                    "self": 1992.3621548002343,
                                    "children": {
                                        "RLTrainer._checkpoint": {
                                            "total": 1.9386437000038654,
                                            "count": 28,
                                            "self": 1.9386437000038654
                                        }
                                    }
                                },
                                "_update_policy": {
                                    "total": 1545.8029455000083,
                                    "count": 1345,
                                    "self": 1257.1279707000367,
                                    "children": {
                                        "TorchPPOOptimizer.update": {
                                            "total": 288.6749747999716,
                                            "count": 8070,
                                            "self": 288.6749747999716
                                        }
                                    }
                                }
                            }
                        }
                    }
                },
                "trainer_threads": {
                    "total": 5.000001692678779e-07,
                    "count": 1,
                    "self": 5.000001692678779e-07
                },
                "TrainerController._save_models": {
                    "total": 0.06871829999909096,
                    "count": 1,
                    "self": 0.0009300999990955461,
                    "children": {
                        "RLTrainer._checkpoint": {
                            "total": 0.06778819999999541,
                            "count": 1,
                            "self": 0.06778819999999541
                        }
                    }
                }
            }
        }
    }
}