{
    "MyBehavior": {
        "checkpoints": [
            {
                "steps": 18499993,
                "file_path": "results\\MyBehavior\\MyBehavior\\MyBehavior-18499993.onnx",
                "reward": 95.17611940298508,
                "creation_time": 1681132480.2679734,
                "auxillary_file_paths": [
                    "results\\MyBehavior\\MyBehavior\\MyBehavior-18499993.pt"
                ]
            },
            {
                "steps": 18999975,
                "file_path": "results\\MyBehavior\\MyBehavior\\MyBehavior-18999975.onnx",
                "reward": 98.25862068965517,
                "creation_time": 1681132933.8653336,
                "auxillary_file_paths": [
                    "results\\MyBehavior\\MyBehavior\\MyBehavior-18999975.pt"
                ]
            },
            {
                "steps": 19499956,
                "file_path": "results\\MyBehavior\\MyBehavior\\MyBehavior-19499956.onnx",
                "reward": 94.77586206896552,
                "creation_time": 1681133388.5277872,
                "auxillary_file_paths": [
                    "results\\MyBehavior\\MyBehavior\\MyBehavior-19499956.pt"
                ]
            },
            {
                "steps": 19999995,
                "file_path": "results\\MyBehavior\\MyBehavior\\MyBehavior-19999995.onnx",
                "reward": 96.79025423728814,
                "creation_time": 1681133844.3311274,
                "auxillary_file_paths": [
                    "results\\MyBehavior\\MyBehavior\\MyBehavior-19999995.pt"
                ]
            },
            {
                "steps": 20000041,
                "file_path": "results\\MyBehavior\\MyBehavior\\MyBehavior-20000041.onnx",
                "reward": 96.7970401691332,
                "creation_time": 1681133844.402108,
                "auxillary_file_paths": [
                    "results\\MyBehavior\\MyBehavior\\MyBehavior-20000041.pt"
                ]
            }
        ],
        "final_checkpoint": {
            "steps": 20000041,
            "file_path": "results\\MyBehavior\\MyBehavior.onnx",
            "reward": 96.7970401691332,
            "creation_time": 1681133844.402108,
            "auxillary_file_paths": [
                "results\\MyBehavior\\MyBehavior\\MyBehavior-20000041.pt"
            ]
        }
    },
    "metadata": {
        "stats_format_version": "0.3.0",
        "mlagents_version": "0.30.0",
        "torch_version": "1.12.1"
    }
}